{"TWF": 0.3287999999999891, "HDF": 0.37729999999997277, "PWF": 0.33949999999997693, "OSF": 0.33559999999997736}